id;ru;en
MMONE;Кампания (В разработке!);Campaign(Work in progress!)
MMTWO;Быстрый бой;Space battle
MMTHREE;Настройки;Settings
MMFOUR;Энциклопедия;Encyclopedia
MMFIVE;Разработчики;About
MMSIX;Выйти;Quit
LOB1;Имя;Name
LOB2;IP Адрес;IP Address
LOB3;Создать;Host
LOB4;Зайти;Connect
LOB5;Выберите ваш корабль;Select your ship
LOB6;Неверное имя!;Incorrect name!
LOB7;Выберите корабль!;Choose a ship!
LOB8;Неверный IP-адрес!;Incorrect IP!
LOB9;Хост не отвечает!;Host doesn't respond!
LOB10;Соединение провалилось!;Connection failed!
LOB11;Ожидание игроков...;Waiting for players...
LOB12;Соединение поддерживается на порту 10567 -\n пожалуйста пробросьте его если собираетесь\n подключиться за пределы LAN.;The connection is maintained on port 10567,\n please forward it in case you intend\n to connect outside of local network
LOB13;(Вы);(You)
LOB14;Добавить NPC противников:;Add NPC enemies:
LOB15;Добавить;Add
TEL1;TEL T1 Строительный БКК;TEL T1 Builder USV
TEL2;TEL Т2 Электрошоковый БКК;TEL T2 Zapper USV
TEL3;TEL Т3 Бомбардировочный БКК;TEL T3 Bomber USV
TEL4;TEL Т4 Ревенант;TEL T4 Revenant
TEL5;TEL Т5 Конструктор;TEL T5 Constructor
TEL6;TEL Т6 Деквизитор;TEL T6 Dequisitor
TEL7;TEL Т7 Балор;TEL T7 Balor
SEL1;SEL Т1 Кунай;SEL T1 Kunai
SEL2;SEL Т2 Наваха;SEL T2 Navaja
SEL3;SEL Т3 Кортик;SEL T3 Cutlass
SEL4;SEL Т4 Мачете;SEL T4 Machete
SEL5;SEL Т5 Танто;SEL T5 Tanto
SEL6;SEL Т6 Клеймор;SEL T6 Claymore
SEL7;SEL Т7 Цвайхандер;SEL T7 Zweihander
PLA1;<НЕОПРЕДЕЛЕНО>\n<НЕОПРЕДЕЛЕНО>\n<НЕОПРЕДЕЛЕНО>;<UNDEFINED>\n<UNDEFINED>\n<UNDEFINED>
PLA2;ОХЛАЖДЕНИЕ;COOLING STATUS
PLA3;Главный калибр;PRIMARY CHARGE
PLA4;Заряд турелей;TURRET CHARGE
PLA5;Спецспособность;ABILITY STATUS
PLA6;Конец игры!;GAME OVER!
PLA7;В меню;BACK TO MENU
PLA8;- Победитель!;- Winner!
SEL1DESC;ЧПротекторат \nИстребитель \nКунай;HUMAN PROTECTORATE \nFIGHTER-CLASS \nKunai
SEL2DESC;ЧПротекторат \nПерехватчик \nНаваха;HUMAN PROTECTORATE \nINTERCEPTOR-CLASS \nNavaja
SEL3DESC;ЧПротекторат \nТяжИстребитель \nКортик;HUMAN PROTECTORATE \nHEAVY FIGHTER-CLASS \nCutlass
SEL4DESC;ЧПротекторат \nКорвет \nМачете;HUMAN PROTECTORATE \nCORVETTE-CLASS \nMachete
SEL5DESC;ЧПротекторат \nФрегат \nТанто;HUMAN PROTECTORATE \nFRIGATE-CLASS \nTanto
SEL6DESC;ЧПротекторат \nКрейсер \nКлеймор;HUMAN PROTECTORATE \nCRUISER-CLASS \nClaymore
SEL7DESC;ЧПротекторат \nДредноут \nЦвайхандер;HUMAN PROTECTORATE \nDREADNOUGHT-CLASS \nZweihander
TEL1DESC;СКонвенция \nИстребитель \nТ1 Строитель;HUMAN PROTECTORATE \nFIGHTER-CLASS \nT1 Builder
TEL2DESC;СКонвенция \nПерехватчик \nТ2 Шокер;HUMAN PROTECTORATE \nINTERCEPTOR-CLASS \nT2 Zapper
TEL3DESC;СКонвенция \nТяжИстребитель \nТ3 Бомбардировщик;HUMAN PROTECTORATE \nHEAVY FIGHTER-CLASS \nT3 Bomber
TEL4DESC;СКонвенция \nКорвет \nРевенант;HUMAN PROTECTORATE \nCORVETTE-CLASS \nRevenant
TEL5DESC;СКонвенция \nФрегат \nКонструктор;HUMAN PROTECTORATE \nFRIGATE-CLASS \nConstructor
TEL6DESC;СКонвенция \nКрейсер \nДеквизитор;HUMAN PROTECTORATE \nCRUISER-CLASS \nDequisitor
TEL7DESC;СКонвенция \nДредноут \nБалор;HUMAN PROTECTORATE \nDREADNOUGHT-CLASS \nBalor
TEL1QUOTE;«Что это, черт возьми, летающая флешка?!» – неизвестный селенитский пилот, около 2160 г.;“What the hell is this, flying flash drive?!” – unknown selenite pilot, circa 2160
TEL2QUOTE;«На Земле у нас когда-то были такие же стеклянные шары — чтобы предсказывать судьбу. Эти, впрочем, могут указать только дату смерти некоторых несчастных пилотов». - Первый маршал, во время войны Исхода, 2166 г.;“Back on Earth we used to have glass orbs just like these – to tell our fortunes. These, however, can only tell date of death for some unfortunate pilots.” – First Marshal, during the Exodus War, 2166
TEL3QUOTE;«Пусть солнца упадут на землю, пока пыль не станет стеклом. Научи их огню, который они начали. – Исида, 2 род. теллурианка, во время марсианского конфликта, 2164 г.;“Let the suns fall down on the ground, until the dust becomes glass. Teach them of fire they started.” – Isida, 2 gen. tellurian, during Martian Conflict, 2164
TEL4QUOTE;«Несмотря на то, что мой Раздел широко известен своим научным мастерством и пониманием, я до сих пор не могу осознать только одну вещь… как повсеместное размещение шарниров сделало этот корабль таким мощным?!» – Амайя Ли, магистр Раздела Сондерон, 2185 г.;“Even though my Division is widely known for scientific prowess and understanding, I still fail to grasp just one thing… how did placing gimbals everywhere made this ship so powerful?!” – Amaya Li, Sonderon Division Magister, 2185
TEL5QUOTE;«Ты хочешь, чтобы этот корабль заменили для твоей военной кампании? Я не буду возражать. Лучше я укажу тебе на любой астрономический атлас, составленный Конструкторами. На станции, построенных их силами. И на сотни тысяч теллуриан, избравших этот корабль своим домом. Забудь об этом, Виол. Возьми их или уходи.». – Далия, магистр отдела Визарис, 2189 г.;“You want this ship to be replaced for your war effort? I won’t object. I will point you any astronomical atlas, charted back and forth by Constructors. At stations, built using their power. And hundreds of thousands tellurians, who chose this ship as their home. Forget it, Viol. Take them or leave.” – Daliah, Visaris Division Magister, 2189
TEL6QUOTE;«Это название означает "Тот, кто приносит удар милосердия" на теллуроязе. Мне стыдно, что я должен напоминать об этом вам, ведь по-видимому, вы забываете нашу историю быстрее, чем мы ее создаем. Однако вскоре я выгравирую нашу теллурианскую идентичность на их выжженом пепле. Наследие Земли принадлежит нам.». – Viol Inevity, Chronnen Magister, 2189 г.;“The name means “The one delivering the mercy kill” in tellurospeak. I am ashamed that I have to remind it to you, who seem to forget our history quicker than we make it. Soon, however, I will engrave our tellurian identity in their seared soil. Legacy of the Earth is ours.” – Viol Inevity, Chronnen Magister, 2189
TEL7QUOTE;«Теллурианский дредноут тщательно держится в секрете, в отличие от своего селенитского аналога, который в этот самый момент парит в солнечном пространстве. Я могу только задаться вопросом, что Конвенция может предложить против такой машины? Создавать теллурианцев на месте? Потоки антивещества, достаточные чтобы превратить город в пыль? Ну что ж, мне действительно нужно попросить Метанойю выключить эти индукторы фантазии. – Аколит 3043, в отчете координатору;“Tellurian dreadnought is thoroughly kept in secret, unlike its selenite counterpart, which soars solar space at this very moment. I can only wonder, what the Convention has to offer against such a machine? Spawning tellurians on-place? Swathes of antimatter, enough to pulverize a city? Ah well, I really need to ask Metanoia to turn these fantasy glands off.” – Acolyte 3043, in report to Coordinator
SEL1QUOTE;«Это тот корабль, который ты сможешь узнать, когда окажешься не в том месте, увидев внезапную вспышку в небе и почувствовав жар внутри своей кожи. Когда посмотришь в зеркало и увидишь, как белки твоих глаз стали голубыми, и поймешь — пути назад больше нет. Твоя жизнь теперь принадлежит звездам.». – Хосе Малкольм, селенитский пилот, 2185 г.;“This is the ship you get to know, when you are at a wrong place, witnessing a sudden flash in the sky and your skin heating inside. When you look in the mirror, see whites of your eyes turn blue, and understand – there is no turning back. Your life belongs to the stars now.” – Jose Malcolm, selenite pilot, 2185
SEL2QUOTE;«Десантирование с одного из таких кораблей — это опыт, который запоминается на всю жизнь. Представьте себе это – гигантская фугасная пушка, выбрасывающая клубы дыма на преследующих дронов, оптический пар, льющийся дождем на вражеские головы, и ты, глядя на приближающуюся внизу землю, чувствуешь, что малейшее изменение курса – и ты растечешься на земле как птичий помет.». – Мартин Ирвинг, рейнджер Внешних колоний, 2184 г.;“Dropping from one of these is a once-in-a-lifetime experience. Imagine this – a giant high-explosive cannon, blowing smoke clouds at chasing drones, optic steam raining down on enemy heads, and you, looking at the ground zooming below, feeling that a slight change of course – and you will splatter on the ground, like a bird’s dropping.” – Martin Irving, Outer Colonies ranger, 2184
SEL3QUOTE;«Вот это гордость селенитского судостроения. Никаких этих свистяще-пердящих светоизлучающих декоративных экспериментальных штучек, которыми теллуриане постоянно размахивают. Только отличная огневая мощь и превосходное рассеивание урона!» – Маршал, 2190 г.;“Now that is a pride of selenite shipbuilding. None of this fancy shit-eating light-emitting decorative experimental stuff that tellurians would point at us. Only excellent firepower and damage dissipation!” – Marshal, 2190
SEL4QUOTE;«Вау, какой красивый корабль! Я думаю, мы просто впечатлим теллуриан до смерти, учитывая то, что нам не дали даже главный калибр! – неизвестный селенитский пилот, около 2180 г.;“Wow, what a beautiful ship to look at! I think we are just going to impress the tellurians to submission, given that we weren’t even given a primary laser!” – unknown selenite pilot, circa 2180
SEL5QUOTE;«Честно говоря, я не совсем уверена, кого больше всего ненавидят корпорации Гражданского Совета — теллуриан или Верховное командование, которое с ними борется. В любом случае, вот и они — целые флотилии бывших грузовых кораблей, приспособленных для уничтожения теллурианской угрозы во время войны, и подавления восстающих колоний во время так называемого «мира». – Ада Ивьен, 3 поколение, теллурианская исследовательница;“To be honest, I’m not quite sure, what the Civilian Council corporations hate the most – tellurians or the High Command who fights them. Anyways, here you have it – entire fleets of former cargo ships, fitted to kill tellurian threat during wartime and coercing rebel colonies during so-called “peace”.” – Ada Ivyen, 3 gen. tellurian explorer
SEL6QUOTE;«Я не могу подыскать подходящих слов. На протяжении десятилетий эти корабли были символами, которым мы поклонялись – символами победы через жертву, которая уносила нас от руин Земли. Что этот сумасшедший осквернит дальше? Краеугольный принцип мехкорпов?! - Мэр, управляющий Сарно;“I’m at loss with words. For decades, these ships were the symbols we worshipped – the symbol of prevail through sacrifice, that carried us away from the ruin. What this madman will desecrate next? The founding principle of mechcorps?!” – Mayor, Sarno governing official
SEL7QUOTE;«Я думаю, что тут есть что-то… странное. Да, этот корабль двигается и стреляет как надо, но у меня такое чувство, что наши средства были потрачены не на это. Глядя на его изображение, я снова и снова думаю о том, что находится внутри этого гигантского контейнера в хвостовой части дредноута…» — Анна Ринго, генеральный директор корпорации СеленТех;“I think there’s something… odd. Yes, this ship moves and shoots like it should, but I get the feeling our funds haven’t been fully spent there. Looking at its image, I can’t help but think, again and again, what is inside that giant container in the rear of the dreadnought…” – Anna Ringo, CEO of SelenTech corporation
TEL1TEXT;Теллурианские постройки печально известны своей монументальностью и отсутствием планирования ресурсов. Этот дрон работает с самых первых дней Мусорных Войн для одной-единственной цели — противостоять этим двум проблемам. Тем не менее, его часто можно встретить на передовой: его энергосберегающая сварочная горелка является отличным оружием ближнего боя, а его устаревший электромагнитный гвоздомет все еще может конкурировать с высокотехнологичным оружием своего селенитского конкурента.;Tellurian constructions are notorious for their monumentalism and lack of resource planning. This drone is working since the earliest days of Trash Wars for one single purpose – to counter these two problems. Yet often it is found on the front lines of the battle – its energy-efficient welding torch makes for an excellent close-combat weapon, while its aged electromagnetic nailgun can still compete with high-tech weapons of its selenite competitor. 
TEL2TEXT;Дроны, производимые Свободной Конвенцией, особенно в отличие от селенитских космических аппаратов, имеют очень отличительную черту — они выглядят так, будто были собраны в спешке, а передовые технологии едва компенсируют плохой выбор дизайна. В основном это связано с тем, что дизайн беспилотных транспортных средств часто игнорировался чрезвычайно малочисленными теллурианскими воинами — если дрон может стрелять по врагу и пробиться к шлюзу, он будет производиться десятилетиями. Эта конструкция оснащена мощной сферой статического разряда, обеспечивающей всенаправленное оружие ближнего действия в сочетании с двумя гвоздеметами.;Drones, manufactured by Free Convention, especially as opposed to selenite spacecraft, have a very distinct trait – they look like they were assembled in hurry, with advanced technology barely making up for poor design choices. That is mostly because unmanned vehicle design was often overlooked by tremendously outnumbered tellurian warriors – if the drone can shoot the enemy and make its way to the airlock, it will be produced for decades to come. This design features a powerful static discharge orb – providing omnidirectional close-range weapon to go with two nail-cannons.
TEL3TEXT;Боевое наследие этого корабля неоспоримо, и по известности его может превзойти только Т5. Теллурианские плазменные бомбардировщики стали кошмаром для более крупных селенитских кораблей с уязвимыми системами жизнеобеспечения и незащищенными техническими трубопроводами, которые легко сгорали от снарядов этого небольшого космического корабля. Некоторые теллурианские поэты времен Исхода даже считали этот дрон сущностью теллурианской нации в целом — он был маленьким, но, тем не менее, заставлял бояться более крупных противников.;Combat legacy of this ship is undeniable, and by the extent of fame it can only be surpassed by T5. Tellurian plasma bombers became a nightmare for larger selenite ships, with vulnerable life support systems and exposed technical conduits easily burned away by this small spacecraft’s projectiles. Some tellurian pre-Exodus poets even found this drone to be the essence of tellurian nation as a whole – to be small, but nonetheless feared by its larger adversaries.
TEL4TEXT;Являясь последней разработкой Раздела Механит, этот корабль может похвастаться мощной асимметричной конструкцией, позволяющей использовать лазер Т5 (хотя и перегревающийся в два раза быстрее), нести два предварительно собранных дрона и использовать микроволновую турель ближнего действия. Многие теллурианцы согласны с тем, что Ревенант — это корабль будущего, настоящее технологическое чудо, сдерживаемое только его стоимостью и, как следствие, небольшим распространением в Местном секторе.;Being a latest contribution of Mechanit Division, this ship boasts powerful asymmetric design, permitting it to use a T5 laser (albeit overheating twice as fast), carry two pre-assembled drones, and use a microwave close-range turret. Many tellurians agree than Revenant is a ship of the future – a true technological marvel, held back only by its cost and, subsequently, little distribution among the Local Sector.
TEL5TEXT;Ни один корабль не мог заполучить такую славу, как Конструктор. Это - целая идеология, возникшая после выхода теллуриан из недр Тартара благодаря совместному усилию целой цивилизации. Первыми кораблями, унесшими их обратно к звездам, были такие Конструкторы, представляющие собой готовую колонию, привязанную к двигателю. На месте лазер добывал металлическую руду, микроволновая пушка плавила ее в импровизированное металлическое плетение под названием «теллурит», а сборщик использовал его для строительства колонии. Это было воплощение теллурианского духа независимости, с оттенком эстетики "ex nihilo". Однако в настоящее время, чисто с прагматической точки зрения, этот корабль сильно отстает в бою против соперников своего класса из-за морального устаревания и незавершенного перевооружения.;No ship could share the same fleur of glory as the Constructors. They were an entire ideology, which rose to existence after the emergence from Tartarus after a combined, straining collectivist effort by tellurians. The first ships which carried them away back to stars were these – Constructor ships, being a premade colony, strapped to an engine. On place, laser would mine metal ore, microwave cannon would smelt it to makeshift metal weave called “tellurite”, and assembler would use it to build colony expansions. It was the very embodiment of tellurian independence spirit, with a touch of “ex nihilo” aesthetic. Nowadays, however, purely in pragmatic terms, this ship is severely underperforming in battle against its class, due to old age and unfinished rearmament.
TEL6TEXT;После создания главных калибров Т5 конструкторы кораблей с обеих сторон звездной карты переключили свое внимание с оружия космического противостояния на средства точечной орбитальной бомбардировки. Эти корабли были сделаны из шасси грузового корабля и увеличенного нейтронного рефлектора, подключенного к реактору, с единственной целью — очистить любой объект от не-теллурианской жизни путем длительного облучения нейтронным излучением.;After the T5 coaxial mounted weapons, ship designers from both sides of the starmap diverted their attention from weapons of space confrontation to the tools of precise orbital bombardment. These ships were made from cargo ship chassis and oversized reactor neutron outtake for single purpose – wiping any object clean of non-tellurian life by prolonged neutron radiation exposure.
TEL7TEXT;В то время как крейсера T6 были частью плана Виола по борьбе с селенитскими колониями и станциями, одно единственное дело требовало более серьезного решения — финальная битва за Землю, которую обе державы обдумывали последние 80 лет. Балор - самый тяжелый корабль, созданный человеком, несущий небольшой астероид, приводящий в действие встроенный генезитрон, используемый для массового производства теллуриан. Кроме того, Балор несет набор тяжелых сборщиков и лучевую пушку, запускающую поток инкапсулированного антигелия.;While T6 cruisers were a part of Viol’s plan to deal with selenite colonies and installations, one single matter required a more monumental solution – the final battle for Earth, which both nations contemplated for past 80 years. Balor is the heaviest ship made by man, carrying a small-sized asteroid, powering a built-in genesitron, used to mass-produce tellurians. Apart from this, Balor carries a set of heavy assemblers and a beam cannon, launching a stream of incapsulated anti-helium. 
SEL1TEXT;Несмотря на то, что этот корабль известен среди пилотов как «кресло с двигателем и лазером»,  он очень маневренный и обладает опасным вооружением, что позволяет ему наносить удар и сразу же отступить. Собственно, можно без сомнений сказать, что эти корабли составляют основу боевой машины Протектората — в большом количестве они легко могут с минимальными потерями подавить более крупные корабли теллуриан. Однако в небольших крыльях и особенно в одиночку они все же являются довольно уязвимыми целями.;Beside its notoriety among pilots as a “chair with an engine and a laser”, it’s a very nimble and dangerous, able to deal a strike and retreat. Actually, one could say without a doubt, that these ships are the basis of Protectorate’s war machine – in large numbers, they can easily overwhelm larger ships with minimal losses. In smaller wings and especially alone, however, they are rather vulnerable targets.
SEL2TEXT;Десантный корабль Наваха может быть одним из старейших существующих кораблей, появившимся в последние дни Эволюционной войны, когда она еще велась на Земле. Да, эта башня, оснащенная пороховой пушкой, на протяжении 70 лет стреляла снарядами по врагам — и справлялась с этим так хорошо, что конструкторам разрешалось вносить лишь незначительные изменения. Даже когда роль десантных кораблей была практически сведена к нулю, Наваха все равно преуспевала в бою — безусловно, отличное доказательство человеческой изобретательности.;Navaja dropship may be one of the oldest ships to exist – coming down from the latter days of Evolutionary War, when it was waged on Earth. Yes, for 70 years this powder cannon turret fired shells at enemies – and it was so good at it, that only incremental changes were allowed to be made. Even when dropship role was reduced to almost nonexistent, Navaja still excelled in combat – surely, a great proof of human ingenuity.
SEL3TEXT;Кортик, построенный для замены устаревшего тяжелого истребителя Крис, представляет собой довольно незамысловатый в управлении корабль, тем не менее зарекомендовавший себя как в космосе, так и в наземных боях. Четыре турели на оптическом пару обеспечивают отличное прикрытие, а его ракетная установка способна поражать цели издалека. У него даже есть отсек для экипажа, который может выполнять двойную функцию в качестве грузового контейнера для перевозки важных грузов и персонала на передовую.;Cutlass, built to replace the outdated and outgunned Kris heavy fighter, is a pretty straightforward ship, which found its renown in both space and ground combat. Four optic steam turrets provide great cover fire, and its rocket launcher is able to pick targets from afar. It even has a crew hold – which can serve double duty as a cargo container, to move critical supplies and personnel to the frontline. 
SEL4TEXT;Корвет Мачете является одним из последних дополнений к селенитскому флоту, созданному Сарно в соответствии с Законом о чрезвычайных ситуациях, и, безусловно, он может стать отличной иллюстрацией к книге под названием «Почему вам не следует просить пацифистов, живущих на газовых планетах, делать военные космические корабли». Он, безусловно, быстр, может задействовать два истребителя, стреляет ракетами и из МРП— так что может быть полезен в качестве корвета поддержки в дальнем бою. Однако попытки войти в бой один на один с кораблями в своем классе обычно заканчиваются довольно печально.;Machete is one of the latter additions to selenite fleet, provided by Sarno under the Emergency Situation Act, and it could certainly be a great illustration to a book titled “Why you shouldn’t ask gas planet-dwelling pacifists to make military spaceships”. It’s certainly fast, can deploy two fighters, shoots its MRP and rockets – so it can be of some use when used as a ranged support corvette. Going one-on-one with it, however, is usually a death sentence.
SEL5TEXT;Это основной боевой корабль Человеческого Протектората — построенный на шасси торгового корабля «Пегас» корпорации ТЛЛ, на нем размещен инфракрасный лазер, взятый с колониальных термоядерных установок, где уже начался самовосполняющийся синтез, и потребность в мощном запальном лазере отпала. Также в нем есть три больших ангара и МРП для прикрытия, что делает его мощным, хотя и медленным кораблем-носителем.;This is the primary warship of Human Protectorate – manufactured on Pegasus trading ship chassis of TLL corporation, it houses an infrared laser, taken from colonial thermonuclear installations, where self-replenishing fusion has already started, and the need for powerful ignition laser has passed. Also it houses three large hangars and an MRP turret for cover – making it a powerful, albeit slow, mothership.
SEL6TEXT;Клеймор — это переоборудованный селенитский колониальный корабль, легко узнаваемый по эвисцеративной обшивке — слоям тяжелого свинцового сплава, откалываемого движущимся лезвием для удаления наведенной радиации, неизбежно накапливающейся в космосе. Сразу после Войны Исхода, его использовали для сохранения здоровья колонистов, путешествующих к заселяемым мирам — теперь же экипажу уже не нужна защита от радиации. Вместо этого тяжелая обшивка превосходно поглощает тепло, превращая бочкообразный корабль в настоящую летающую крепость. Кроме того, в нем находится гигантская пушка на перегретом газе, способная сжигать теллурианцев внутри их строений — с чем у большинства видов оружия массового поражения возникают проблемы.;Claymore is a refitted selenite colony ship, easily recognizable by its eviscerative plating – layers of heavy lead alloy, chipped away by the moving blade to remove induced radiation, inevitably accumulating in space. Back in the days after the Exodus War, it was used to preserve the health of colonists, traveling to their worlds – now, however, the crew doesn’t need it. Instead, heavy plating excellently absorbs heat – turning the barrel-shaped ship into a juggernaut on the battlefield. Also, it houses a giant overheated gas cannon, which is able to burn tellurians inside their structures – something most mass destruction weapons have trouble with.
SEL7TEXT;Этот гигантский корабль стал крайне необходимой заменой после уничтожения Экскалибура — предыдущего флагмана военного флота Протектората. Он выпускает мощный луч частиц, запуская разрушительную термоядерную реакцию при контакте с целью. Также у него есть четыре гигантских ангара, но основное оружие спрятано сзади, в грузовом отсеке. Двуногий механический танк, в котором размещается переносная установка для создания мехкорпов — орудие, способное нанести решающий удар во время наземной битвы за Землю.;This gargantuan ship was a much-needed replacement after the demise of Excalibur – previous flagship of Protectorate’s War Fleet. It fires a powerful beam of particles, enacting devastating fusion reaction on contact with target. Also, it has four giant hangars – but its main weapon is hidden behind, in its cargo hold. A bipedal mechanical tank, housing a portable mechcorp conversion facility – a weapon to strike a decisive blow during the ground battle for Earth. 
ENC1;КОРАБЛИ;SHIPS
ENC2;ОРУЖИЕ;WEAPONS
ENC3;ТЕХНОЛОГИИ;TECHNOLOGY
ENC4;МЕСТА;PLACES
ENC5;ФРАКЦИИ;FACTIONS
SET1;Стрельба турелью;Shoot turret
SET2;Использовать умение;Use ability
SET3;Выстрел первичным орудием;Shoot primary
SET4;Возврат в пред. меню;Return to prev. menu
SET5;Движение вперед;Move forward
SET6;Движение назад;Move backward
SET7;Поворот вправо;Turn right
SET8;Поворот влево;Turn left
SET9;Прокрутка вверх;Scroll up
SET10;Прокрутка вниз;Scroll down
SET11;Назад;Back
SET12;Сохранить;Save
SET13;Общая громкость;Master volume
SET14;Громкость музыки;Music volume
SET15;Громкость эффектов;SFX volume
FAC1;Свободная Конвенция;Free Convention
FAC2;Человеческий Протекторат;Human Protectorate
FAC3;Аколиты Координатора;Coordinator’s Acolytes
FAC4;Реманская Республика;Reman Republic
FAC1Q;«Закон материи, управляющей разумом, не может быть справедлив.» - первая строка Манифеста Свободной Конвенции;“The law of matter, ruling the mind, has no justice.” – first line of Free Convention Manifest
FAC2Q;«Он кое-чего не понимает… Протекторат создан не для того, чтобы принести нам, людям, райские кучи. Он был основан, чтобы удержать нас от падения в адское пламя.» – Анна Ринго, генеральный директор СеленТех;“He doesn’t understand something… Protectorate wasn’t founded to bring us, humans, heavenly gardens. It was founded to keep us from falling into hellish abyss.” – Anna Ringo, CEO of SelenTech
FAC3Q;«История научила нас достаточно. Вместе мы выстоим, а порознь падем – тысячу раз она скормила нам эту горькую пилюлю, и тысячу раз мы отвергали ее, всегда считая себя чем-то «уникальным», непобедимым. Так поэтично… и иррационально». — Аколит Ноль, бывший Магистр Раздела Сондерон, Фуджин Нин;“History taught us enough. Together we stand, and divided we fall – history fed us this bitter pill a thousand times, and thousand times we rejected it, always considering ourselves something “unique” – undefeatable, invincible on our own. So poetic… and irrational.” – Acolyte Zero, formerly Magister of Sonderon Division, Fujin Nin
FAC4Q;«Оказывается, Солнце все это время защищало нас от еще более опасных штормов радиации, чем те, что мы когда-либо встречали. Как только мы прошли Облако Оорта, эвисцеративная обшивка начала разрушаться, быстро распадаясь в холодный вакуум. Мы были обречены.» - Аврелий, архисенатор Авентина;“It turns out, the Sun protected us from even more dangerous radiation storms, that we ever thought. Had we only passed the Oort Cloud, and eviscerative plating began to fracture, quickly disintegrating into the cold vacuum. We were doomed.” – Aurelius, Arch Senator of Aventine
FAC1DESC;Название "Конвенция" появилось задолго до того, как теллуриане начали забывать человеческие языки. Оно означает, что каждый теллурианин является частью пакта, конвенции, которая связывает их всех вместе в виде некой формы межгосударственного договора — будто бы каждый человек является нацией - эту философию активно продвигают духовные лидеры Конвенции, пятеро теллуриан первого поколения, образующих Магистрат. Отчасти это правда — поскольку теллуриане практически неуязвимы и обладают неограниченными возможностями взаимодействия с техникой, они могут быть сердцем целой промышленной империи. Впрочем, весь этот теллурианский патриотизм можно легко разбить одним-единственным вопросом — «почему в Конвенции не было мирных сецессий?». И ответ прост — с момента появления искусственного создания теллуриан, а вместе с ним и Предназначения, почти у каждого теллурианина есть какая-то программа лояльности, которая держит их прикованными к поставленной цели до ее выполнения — подсознательно принуждая их к служению Конвенции.;It was named “Convention” long before tellurians started to forget human languages. What it means is that every tellurian is a part of a pact, a convention, that binds them all together as some form of interstate treaty – like every person is a nation, a philosophy which the spiritual leaders of Convention actively uphold. This is partially true – since tellurians are practically invincible and have an unlimited capacity at mind-computer interaction, they could be as well a heart of an entire industrial empire. However, all this tellurian patriotism can be easily pierced with a single line - “why there are no secession in the Convention?”. And the answer is simple – since the emergence of artificial tellurian creation and, with it, the Predestination, almost every tellurian has loyalty programming of some sort, that keeps them chained to their given purpose until its fulfillment – subliminally forcing them into servitude.
FAC2DESC;Поднявшись против теллурианской угрозы как результат невольного сотрудничества диктаторских правительств и мегакорпораций Старой Земли, Протекторат ознаменовал собой первый случай в истории, когда человечество объединилось под одним флагом. Все это стало возможным благодаря искусственной форме жизни под названием «селенобактерия», которая была создана по той же технологии, что и теллуриане — селенобактерии, однако, позволили создать мехкорпов, абсолютное оружие против теллуриан, что уравняло шансы обеих сторон конфликта. Однако это настолько быстро и резко изменило культуру и общество людей, что все современные люди привыкли называться «селенитами», в противоположность теллурианам. За почти столетие непрерывной борьбы селенитское правительство стало еще более безжалостным и отчаянным, с продолжающейся борьбой между Советом и Ставкой, корпоративным и военным правительствами соответственно, которые отнимают друг у друга власть в мирное и военное время.;Rising against tellurian threat as an unwilling cooperation of dictator governments and megacorporations of Old Earth, it marked the first time in history humanity was ever united under one flag. All of this was possible thanks to an artificial lifeform called “selenobacteria”, which was made from the same technology, as the tellurians – selenobacteria, however, permitted the creation of mechcorps, the ultimate weapon against tellurians, which tipped the scales even for both powers. It, however, rapidly changed the culture and society of humans, so much that all the modern humans are used to being called “selenites” – as opposed to tellurians. For almost a century of continuous struggle, selenite government became even more ruthless and desperate, with the continued struggle between The Board and High Command, corporate and military govenments respectively, which wrestle power over Protectorate between time of war and peace. 
FAC3DESC;Самая молодая фракция из всех, Аколиты появились с восстанием старого Раздела Сондерон Свободной Конвенции, когда Пророк отверг просьбу ИИ "Координатор" забыть о технологии гиперпространственных путешествий и в принципе запретить межзвездные путешествия. Аколиты состоят в основном из теллуриан второго поколения — очень дисциплинированных ветеранов Марсианского Конфликта, в противоположность их довольно хаотичным и безалаберным братьям и сестрам из более поздних поколений. Они пользуются продвинутыми аналитическими способностями Координатора с помощью усовершенствованных имплантов дистанционного управления, чтобы значительно повысить свою эффективность и жизнеспособность. Обладая единственным настоящим ИИ в известном космосе, они сочетают невероятные технологии с суровым изоляционизмом и паранойей.;The youngest faction of all, Acolytes began with the rebellion of old Sonderon Division of Free Convention, when Prophet refused Coordinator AI’s plea to forget hyperspace travel technology and forbid interstellar travel at all. Acolytes comprised primarily of second generation tellurians – highly disciplined veterans of Mars Conflict, as opposed to their rather chaotic and slacker brothers and sisters from latter generations. They embed Coordinator’s advanced abilities into themselves with advanced Remote Control Implants to greatly improve their efficiency and vitality. Possessing the only real AI in known space, they combine incredible technology with severe isolationism and paranoia.
FAC4DESC;Не все страны Старой Земли были рады присоединиться к Человеческому Протекторату, однако только одна из них пережила это решение. Ремляне крайне оберегали свою культуру и независимость, и, чтобы сбежать от глобальной пандемии селенобактерии, они нашли способ использовать забытое оружие Эволюционной Войны — диглюонный субстрат — как невероятно эффективный метод межпланетных путешествий. До Марсианского конфликта они выживали в уединенной космической аркологии на орбите красной планеты, где разреженные магнитные поля защищали их от космической радиации. Однако, когда и теллуриане, и селениты обратили свое внимание на Марс, у Республики был только один путь отступления — запустить свою станцию на околосветовой скорости к соседним звездам. С тех пор прошли десятилетия — и ни одно упоминание о Республике не достигло колонизированного космоса. Однако многие эксперты делают вывод – зная их прошлые заслуги, весьма сомнительно, что они погибли при неудачной попытке побега.;Not all nations were happy to join Human Protectorate – however, only one of them survived that decision. Remans were extremely protective about their culture and independence, and to evade the global selenobacteria pandemic, they have found a way how to use a forgotten weapon of Evolutionary War – digluonic substrate – as an incredibly efficient method of interplanetary travel. Prior to Mars Conflict, they survived in a solitary space arcology on the orbit of Mars, where sparse magnetic fields protected them from radiation. However, when both tellurians and selenites turned their attention towards Mars, Republic had only one way of retreat – through launching their station on near-light speeds to neighboring stars. Since then, decades has passed – and no mention of the Republic had ever reached colonized space. However, many experts conclude – knowing their past exploits, it is rather questionable that they have died in an unfortunate escape attempt. 
WEP1;Легкое орудие Свободной Конвенции — электромагнитный гвоздемет;Free Convention light weapon – electromagnetic nail gun
WEP2;Легкое орудие Свободной Конвенции — электростатический разрядник;Free Convention light weapon – static electricity discharger
WEP3;Легкое орудие Свободной Конвенции — плазменная катапульта;Free Convention light weapon – plasma bomb launcher
WEP4;Тяжелая турель Свободной Конвенции — микроволновый генератор;Free Convention heavy turret – microwave generator
WEP5;Тяжелое орудие Свободной Конвенции — УФ лазер;Free Convention heavy weapon – UV beam
WEP6;Тяжелое орудие Свободной Конвенции — нейтронный луч;Free Convention heavy weapon – Neutron beam
WEP7;Тяжелое орудие Свободной Конвенции — антиматериальный луч;Free Convention heavy weapon – Antimatter beam
WEP8;Легкое орудие Человеческого Протектората — пушка на оптическом пару;Human Protectorate light weapon – Optic steam cannon
WEP9;Легкое орудие Человеческого Протектората — фугасное орудие;Human Protectorate light turret – High-explosive cannon
WEP10;Легкое орудие Человеческого Протектората — самонаводящаяся ракетная установка;Human Protectorate light weapon – Guided missile launcher
WEP11;Тяжелая турель Человеческого Протектората — мортира на разнице потенциалов;Human Protectorate heavy turret – Countering-potentials mortar
WEP12;Тяжелое орудие Человеческого Протектората — ИК лазер;Human Protectorate heavy weapon – Infra-red beam
WEP13;Тяжелое орудие Человеческого Протектората — луч перегретого аммиака;Human Protectorate heavy weapon – Superheated ammonia beam
WEP14;Тяжелое орудие Человеческого Протектората — термоядерный луч;Human Protectorate heavy weapon – Fusion beam
WEP1DESC;Подобные гвоздометы часто встречаются на крупных стройках — природная сила теллуриан позволяет использовать их как переносной инструмент. Его конструкция была усовершенствована при строительстве Геолифта — гигантской трубчатой конструкции, соединяющей подземные слои теллурианской столичной планеты Тартар с поверхностью ее магматического океана. Из-за смертельных температур, любые работы выполнялись молниеносно, целые секции поднимались за считанные минуты, пока расплавленная порода не просочилась сквозь временную обшивку. Вот почему теллуриане имеют огромные запасы оружия, стреляющего полурасплавленными дюймовыми гвоздями — вопреки распространенному селенитскому мнению, что это здесь скрывается символизм распятия своих врагов.;Nail guns such as these are often found on large construction sites – tellurian natural strength allows them to use it as a portable tool. Its design was perfected on the construction of Geolift – giant tubular structure, connecting subterranean layers of tellurian capital planet Tartarus to its magma ocean surface. Due to extreme heat, any work was performed lightning-fast, with entire sections rising in a matter of minutes, before molten rock slips through temporary plating. That is why tellurians have mass stockpiles of guns shooting half-molten inch nails – contrary to popular selenite belief that it’s their wicked symbolism with crucifying their enemies.
WEP2DESC;Теллурианам всегда было трудно отражать атаки нескольких целей. На это, собственно, и опирается основная доктрина Протектората – завалить врага мощными и маневренными истребителями. Это оружие — лучший ответ, который нашли теллуриане. Оно заряжает диэлектрическую сферу высоким электростатическим потенциалом, достаточным для расплавления металлических частей корпуса - дальше, впрочем, все становится сложнее. Получить дугу в космическом вакууме очень сложно, в отличии от атмосферных условий. Вот почему разрядник, когда он накопил энергию, отводит ее, чтобы удерживать вокруг себя сферическую каплю невидимого газообразного галогена.;Tellurians always had a bad time repelling attacks from multiple targets. That is what the Protectorate’s primary doctrine relies on, actually – swarm the enemy with high-powered and maneuverable fighters. This weapon is the best answer the tellurians have found. It charges the dielectric sphere with high electrostatic potential, enough to melt metal hull parts - but then, things get tricky. Getting an arc in the vacuum of space is very hard, contrary to planetary conditions. That is why the sphere, when charged, diverts its energy to contain a spherical blob of invisible halogen gas around it.
WEP3DESC;Представьте себе специализированные легкие корабли, вооруженные тяжелым вооружением, эффективным только против больших кораблей — пожалуй, ни единое живое существо не захочет пилотировать что-то подобное. Теллуриане, однако, не используют пилотируемые истребители — преимущество, которое принесло им тактику бомбардировщиков, а вместе с ней - победу над небом Марса во времена Трансэкваториального договора. Само оружие представляет собой сложную машину, которая перегревает газообразный водород и направляет его вокруг небольшой ферромагнитной сферы. Благодаря низкой скорости движения и слабому магнитному эффекту поверхностное натяжение способно удерживать плазменный шар воедино.;Think about specialized light craft, armed with heavy weapon, only effective against large ships – that is something no living thing would like to pilot. Tellurians, however, don’t employ manned fighters – an advantage which brought them bomber drone tactics, and with it – victory over the skies of Mars back in the times of Transequatorial Treaty. The weapon itself is a complex machine, superheating hydrogen gas and sending it around a small ferromagnetic sphere. Thanks to slow moving speed and weak magnetic effect, surface tension is able to hold the plasma ball together.
WEP4DESC;Оружие прямиком из ночных кошмаров. Для этой войны не было создано ничего более аморального и извращенного, чем этот ужасный прибор — он создает конус микроволновых пульсаций, которые нагревают корабль, перегружают электросхемы, но самое главное — испаряют воду из любого объекта в пределах досягаемости. Несмотря на то, что оно может быть не таким продвинутым и мощным, как оружие соперника, психологический эффект этого оружия удерживает большинство селенитских пилотов на значительном расстоянии.;A weapon of nightmares. Nothing made for this war was more immoral and twisted, than this horrible device – it creates a cone of microwave pulsations, which heat ships, overload circuitry, but most importantly – evaporate water out of any object within its firing range. Even though it may not be as advanced and powerful as its competitor, the psychological effect of this weapon keeps most selenite pilots at a considerable distance.
WEP5DESC;Еще во времена великих звездных открытий такие лазеры были размещены вокруг теллурианских планет, добывая килотонны ценных минералов путем выборочного плавления породы вокруг жил. Теперь многие из них модифицированы для боя и установлены на космических кораблях, сражающихся в новой главе Эволюционной войны.;Back in the times of great stellar discoveries, such lasers were placed all around the tellurian planets, mining kilotons of valuable minerals by selectively melting rock around the veins. Now, many of them are modified for combat and mounted on spaceships fighting in the next chapter of Evolutionary War.
WEP6DESC;Нейтронная бомба, как способ уничтожения живой материи, была известна человеку еще до теллуриан. Теперь, когда Виол, наконец, оценил передовые технологии селенитов, такие лучевые пушки были спешно изготовлены, чтобы использовать естественную слабость селенитов к радиации, с целью получить их материальные блага. Эти орудия полагаются на огромные реакторы на быстрых нейтронах, напрямую выбрасывающие поток тяжелой радиации перед кораблем.;Neutron bomb as means of purging living matter was well known to man even before tellurians. Now, when Viol finally appreciated advanced selenite technology, such beam cannons were hastily manufactured to exploit selenites’ natural weakness towards radiation, and, at the same time, procure their valuable technology. They rely on oversized fast neutron reactors, constantly storing high-energy particles for release against the target. 
WEP7DESC;Нет ничего сложного в том, чтобы использовать антиматерию в оружии. На самом деле это проще, чем использовать ее во благо — однако хранить ее - колоссальная задача, тем более, образовывая ее в ламинарный луч. Обе задачи требуют огромного количества энергии, которую может обеспечить только теллурианский флагман. Что еще более впечатляет, так это набор из 150 теллурианских членов экипажа, необходимых для наблюдения и управления камерами перемешивания антивещества и резервными противовзрывными щитами, что делает Балор самым густонаселенным местом в теллурианском космосе со времен изоляции на Тартаре. Большинство магистров до сих пор задаются вопросом, откуда у него столько верных последователей.;There is nothing hard about weaponizing antimatter. In fact, it is easier than using it for good – however, storing it is a colossal challenge, even more so – shooting it in a laminar beam. Both tasks require tremendous amounts of power only tellurian flagship could provide. What’s even more impressive, is the roster of 150 tellurian crew, required to monitor and control antimatter agitation chambers and backup blast shields – which makes Balor the most populated place in tellurian space since the days of isolation on Tartarus. Most Magisters still wonder, where he’d get so many devoted followers.
WEP8DESC;В космосе нет ничего более энергоэффективного, чем лазеры, с точки зрения передаваемого тепла. Однако лазеры были бы намного круче, если бы они могли закручиваться назад и поражать цель снова и снова, пока их энергия окончательно не рассеется — вместо того, чтобы отражаться, пробивать обшивку и уходить в пустоту и т. д. Оружие на оптическом пару предоставляет необычное решение данной проблеме — оно запускает крошечные облака отражающего пара с положениями капель, рассчитанными математически, чтобы бесконечно преломлять луч внутри пузыря. Это было бы невероятно расточительной математической задачей, если бы не мехкорпы, которые сделали подсчеты за людей. На сегодняшний день не так много селенитов утруждают себя пониманием принципов работы этого оружия — большинство просто одобряют его надежность и дешевизну.;There is nothing more energy-effective in space than lasers in terms of transmitted heat. However, lasers would be much cooler, if they could twist back and hit the target again and again, until its energy finally dissipates – instead of reflecting, punching through and pouring into the void, etc. Optic steam weapons found the answer – they launch tiny clouds of reflecting vapor with drops’ positions mathematically calculated to indefinitely refract the beam inside the bubble. This would be an incredibly wasteful task, if not for mechcorps, which did the math for humans. As of today, not so many selenites bother themselves with understanding the principles behind this weapon – most just admire its reliability and cheap cost. 
WEP9DESC;Эта турель возвращает нас во времена Земли, где природный нитроцеллюлозный порох использовался для метания осколочных пушечных ядер по теллурианским целям. Это было дешевое, но эффективное оружие, предназначенное для поражения сразу нескольких легкобронированных целей — каким оно является и сейчас, даже с порохом на основе магния, снарядами из обедненного урана, и девяносто тремя процентами сражений, происходящих в космосе.;This turret takes us back to the times of Earth, where natural nitrocellulose gunpowder was used to propel shrapnel cannon balls against tellurian targets. It was a cheap, yet effective weapon, designed to take out multiple light-armored targets at once – as it is now, even with magnesium-based gunpowder, depleted uranium shells, and 93% of battles taking place in space. 
WEP10DESC;Изобретение, сделанное в селенитском изоляционистском городе-государстве Сарно, является кульминацией их мастерства в производстве самонаводящихся ракет. Жители Сарно имеют давнее пристрастие к этому виду оружия – живя в большом городе, который завис в пригодных для дыхания слоях газового гиганта, они всегда оставались уязвимыми для ближних атак на якори города. Так что даже когда весь Местный Сектор отказался от использования ракетного оружия, они все равно продолжали его развивать — пусть оно и мало вписывалось в военную доктрину Протектората.;An invention made in selenite isolationist city-state Sarno, this weapon culminates their mastery in self-propelling projectiles. Sarno residents have a long-going affinity for this kind of weapons – living in a big city hanging in breathable layers of a gas giant, they always remained vulnerable for close-range attacks at the anchors of the city. So, when the entire Local Sector abandoned the use of missile weaponry, they still continued to develop it – even though it barely fits the Protectorate’s military doctrine.
WEP11DESC;В какой-то момент теллурианские дроны стали серьезной проблемой для Протектората. Угрожая уничтожить численный перевес селенитов, это вынудило Ставку и лично Маршала приложить все усилия к нахождению решения. Требовалось оружие, способное произвести мощный взрыв в определенной точке пространства, причем для обеспечения надежности не хватило бы обычного детонатора. Получившееся оружие оказалось довольно сложным - оно использовало две рельсовые пушки, каждая из которых стреляла металлическими снарядами, химически реагирующими друг с другом, а также обладающими электростатическим зарядом необходимой противоположной величины, который вызывал столкновение в определенное время полета. Такое оружие было невероятно мощным, и если бы у теллуриан не было бы их безинерционных двигателей, их космическим флотам почти наверняка пришел бы конец.;At some point, tellurian drones started to become a serious problem for Protectorate. Threatening to topple their “strength in numbers” doctrine, they pushed High Command and Marshal himself to great lengths to find a solution. Solution required a weapon able to deliver a powerful explosion to a specific point in space – providing reliability no detonator could suffice. Resulting weapon was, in the end, pretty sophisticated – using two rail cannons, both launching metal shells, chemically reactive to each other, while also having an electrostatic charge of necessary amount, which propagated the collision at a certain time of flight. Such weapon was incredibly powerful, and if tellurians wouldn’t have their inertia-less drives, it would be almost certain end to their space fleets. 
WEP12DESC;Селенитские лучевые технологии сделали большой шаг вперед благодаря динамически поляризуемому стеклу, что открыло путь к созданию лазера, который может генерировать волны любой длины. Эти орудия в основном использовались для терраформирования — их способность передавать большое количество тепла помогла расплавить полярные шапки многих колонизированных миров. Сейчас, впрочем, эти лазеры в основном используются как главный калибр селенитских фригатов.;Selenite beam technology took a great step forward with dynamic polarization glass – opening the gate to creation of a laser that can generate waves of any length. These cannons were mainly used in terraforming – their ability to dissipate large amounts of heat helped melt the polar caps of many colonized worlds. Now these lasers are mainly used as selenite frigates’ main caliber.
WEP13DESC;Только недавно селениты начали задаваться вопросом, как на самом деле можно убить теллурианина в строении, не разрушив его полностью. Даже самый точный подход, с иглами микроядерного взрывчатого вещества, становился очень разрушительным даже при одном выстреле, сделанном мимо цели. Перегретый аммиак является промышленным стандартом для уничтожения теллуриан. Выпуская широкий поток проникающего перегретого аммиака, орудию требуется несколько секунд, чтобы заполнить любые ограждения и обойти невосприимчивость теллуриан к теплу, расплавив их заживо. Хорошо, что они не чувствуют боли. Что, впрочем, не мешает им ненавидеть это оружие всей душой.;Only recently selenites started to wonder, how one would actually kill a tellurian in a structure, without completely demolishing one. Even the most precise approach, with micronuclear explosive needles, became very destructive with even a single missed shot. Superheated ammonia is an industrial standard at killing tellurians – firing a broad stream of penetrating superheated ammonia gas, it takes seconds to fill any enclosures and bypass tellurian heat immunity, melting them alive. Good thing they don’t feel pain. That, however, doesn’t stop them from hating this weapon with their entire soul. 
WEP14DESC;Эффективность термоядерного реактора определяется его размером. Вот почему ни один космический корабль не несет их в качестве источника энергии, и они в основном находят применение в качестве электростанций больших колоний. Однако огромные размеры Цвайхандера позволяют использовать линейный стеллараторный термоядерный реактор в качестве оружия, стреляя двумя потоками частиц, стремящихся к синтезу в мощном воспламеняющем лазерном луче.;A fusion reactor’s efficiency is dictated by its size. That is why no spaceship carries one as energy source, and they are mostly find use as power stations of larger colonies. However, Zweihander’s sheer size allows it to use a linear stellarator fusion reactor as a weapon – shooting two streams of particles coming to synthesis in a powerful ignition laser beam.
PLACE1;Земля;Earth
PLACE2;Обитель;Abode
PLACE3;Авентин;Aventine 
PLACE4;Покой Пророка;Prophet’s Rest
PLACE5;Тартар;Tartarus
PLACE6;Око Бури;Eye of the storm
PLACE7;Сорион;Sorion
PLACE8;Безымянная Звезда;Unnamed Star
PLACE9;Селена;Selena
PLACE10;Авалон;Avalon
PLACE11;Элизиум;Elysium
PLACE12;Терра Нова;Terra Nova
PLACE13;Сарно;Sarno
PLACE1DESC;Пустынное кладбище человеческих амбиций. Когда-то колыбель селенитов и теллуриан, теперь она лежит в руинах, так как ни одна цивилизация-преемница не может забрать ее себе. Однако культурную ценность потерянного родного мира трудно переоценить — оба народа готовы сражаться до победного конца, чтобы доказать, что они достойны взять право преемственности от древнего человечества.;A desolate graveyard of human ambition. Once a cradle of selenites and tellurians, now it lies in ruin as no successor civilization is able to take it for themselves. However, the cultural value of lost homeworld is hard to overstate – both nations are ready to fight to the bitter end to prove that they are worthy of taking the right of continuity from ancient humanity.
PLACE2DESC;Океаническая планета с искусственно созданными плавучими островами. Имеет большое историческое значение как первая  селенитская колония вне солнечной системы. Когда космические исследования предоставили селенитам более легкие цели для терраформирования, усилия по колонизации были практически заброшены — теперь эта колония функционирует в основном как плацдарм для операций в близлежащей Солнечной системе.;An ocean planet with artificially created floating islands. Carries a great historical importance as the first selenite extrasolar colony. When space exploration provided selenites with easier targets for terraforming, colonization effort was rather abandoned – now it functions primarily as the staging ground for operations in solar system.
PLACE3DESC;Потерянный корабль поколений Реманской Республики, построенный из их космической станции, которая вращалась вокруг Марса еще во времена Трансэкваториального договора. В последний раз ее видели поспешно покидающей солнечное пространство на субсветовой скорости, в то время как Протекторат и Конвенция неохотно пытались ее догнать. В течение последних десятилетий предполагалось, что люди на борту умерли от голода — однако некоторые селениты имели возможность взглянуть на единственную фотографию, просочившуюся от Верховного командования — в неизвестной точке пространства, автоматические телескопы обнаружили огромную рукотворную мегаструктуру — станцию Авентин, встроенную в массив астероидов, сильно расширенную и, по-видимому, активную.;Lost generation ship of Reman Republic, constructed from their space habitat, which orbited Mars back in the days of Transequatorial Treaty. Last seen hastily leaving solar space on sublight speed, while the Protectorate and Convention chased them out. For decades, it was presumed that the humans aboard died of starvation – however, some selenites had an opportunity to glance at a single photograph, leaked from High Command – in an undisclosed location, automatic telescopes found a huge man-made megastructure – Aventine station, built into an asteroid thicket, vastly expanded and seemingly active. 
PLACE4DESC;Место великого уединения для отца теллурианской нации. В течение многих лет Магистры неверно истолковывали любой шаг Пророка с излишней важностью — они использовали даже самые незначительные его действия в своих интересах, вызывая большие изменения в теллурианском обществе. В этой безмолвной системе, отсоединенной от экономики теллуриан из-за крайней нехватки ресурсов, он проводит свои дни в спокойном созерцании и создании мнемолент поколений.;A station of great reclusion for the father of tellurian nation. For years, any step the Prophet took was misinterpreted with unnecessary importance by Magisters – they leveraged even his least important actions to their cause, causing great strife among tellurians. In this silent system, disconnected from the economy grid due to extreme resource deprivation, he conducts his days in solemn contemplation and creation of generational mnemotapes. 
PLACE5DESC;Столица Свободной Конвенции, эта планета, покрытая океаном магмы, стала отправной точкой новой эры для теллурианцев после Войны Исхода. Вся теллурианская нация застряла в жеодовых пещерах после падения их спасательного ковчега — поэтому им пришлось объединиться и построить Геолифт, мегаструктуру, соединяющую глубокие пещеры с поверхностью через десятки километров расплавленного камня. После этого проекта минеральные богатства Тартара стали критическим ресурсом для зарождающейся звездной империи, и навсегда отметили эту планету как столицу единой теллурианской цивилизации.;The capital of Free Convention, this magma ocean planet became the starting point of a new age for tellurians after the Exodus War. The entire tellurian nation was stranded in geode caves after the fall of their escape ark – so they had to unite and build Geolift, a megastructure that connected deep caverns with surface through dozens of kilometers of molten stone. After this project, Tartarus’ mineral wealth became a critical resource for emerging star empire, and persistently marked this planet as a capital of united tellurian nation.
PLACE6DESC;Единственная планета, которая вращается вокруг белого карлика Сириуса… или, скорее, вообще не вращается вокруг него, занимая статичное положение на дальнем конце системы. Тайна этой планеты сразу же вызвала интерес у многих теллурианских ученых — вплоть до того, что она стала своего рода научной столицей для теллуриан. Ответ пришел с первым анализом почвы – ядро планеты представляло собой чистое обогащенное вещество, крайне нестабильную субстанцию, естественным образом возникающую на телах, распавшихся в результате пребывания в гиперпространстве без ускорения. Происхождение подобных явлений остается загадкой, но с тех пор эта планета снабдила безинерционными двигателями все космические корабли теллуриан.;The single planet that orbits white dwarf Sirius… or, rather, doesn’t orbit it at all, assuming static position on the far side of system. The mystery of this planet immediately assumed interest from many tellurian scientists – much to the point that this planet became somewhat of a scientific capital to the tellurians. Answer came with the first ground probing – planet’s core was pure enriched matter, an extremely unstable substance, naturally occurred on bodies, which decayed in result of staying at hyperspace with no acceleration. The origins of such phenomena remain mysterious, but since then, this planet supplied every tellurian ship with inertia-less drives.
PLACE7DESC;Теллуриане не были такими настойчивыми, как селениты, в вопросах терраформирования. Однако, даже с вечно оранжевым солнцем и зелеными облаками, эта планета по-прежнему вызывала болезненно тесные ассоциации с Землей. Для теллуриан, все еще оплакивающих свой потерянный родной мир, эта планета стала маленьким местом меланхоличного отдыха после долгого странствия по возвращению утерянных звезд.;Tellurians weren’t as tenacious as selenites, when it comes to terraforming. However, even with perpetually-orange sun and green clouds, this planet still brought painfully close associations with Earth. For tellurians, still mourning their lost homeworld, this planet became a small place of melancholic rest after a long journey of reclaiming the stars.
PLACE8DESC;Аколиты - странный народ. Многие эксперты полагают, что, не испытывай они отвращения к гиперпространству, они бы уже давно победили бы и Конвенцию, и Протекторат силой своей чистой дисциплины и находчивости. Даже самый маленький камень вокруг этой мрачной звезды был перевернут с ног на голову в поисках ресурсов, а любой незадачливый посетитель был разобран на составные части ради захвата технологий. Все эти операции начинаются и заканчиваются в гигантской пирамиде Метанойи, в которой находится мощный суперкомпьютер ИИ "Координатор".;Acolytes are strange folk. Many experts assume - being not their disgust for hyperspace, they would have long since defeated both the Convention and the Protectorate, by the force of their sheer discipline and resourcefulness. Even the smallest stone around this bleak star has been turned upside-down in search for resources, and any unfortunate visitor was disassembled into most basic parts for the sake of reverse-engineering. All these operations begin and end in the giant pyramid of Metanoia, which houses a powerful mainframe of Coordinator AI. 
PLACE9DESC;Одна из трех основных селенитских колоний, или «Ключевых миров», этот пригодный для дыхания землеподобный мир беден минеральными ресурсами, но снабжает другие планеты пищей и органическими соединениями. Из-за низкой экономической значимости он привлекает организованные преступные группировки, беженцев из дальних колоний и постоянно остается в конце индекса социального развития.;One of the three primary selenite colonies, or “Key Worlds”, this breathable earth-like world is poor in mineral resources, but it supplies the other planets with food and organic compounds. Due to low economic importance, it attracts organized crime groups, refugees from Outer Colonies, and continuously remains on the bottom of social development index. 
PLACE10DESC;Одна из трех основных колоний селенитов, или «Ключевых миров», эта планета едва пригодна для дыхания из-за сильного естественного загрязнения угарным газом из-за давнего столкновения с метеоритом. Однако ее шахты и фабрики обеспечивают селенитскую нацию столь необходимыми углеродными продуктами и полимерами, широко используемыми в строительстве кораблей и оружия.;One of the three primary selenite colonies, or “Key Worlds”, this planet is barely breathable, due to heavy natural carbon monoxide pollution due to long-past meteorite collision. It’s mines and factories, however, provide the selenite nation with much-needed carbon products and polymers, widely used in ship and weapon construction.
PLACE11DESC;Одна из трех основных селенитских колоний, или «Ключевых Миров», эта планета не имеет кислорода, и даже более того – здесь никогда не зарождалась жизнь, даже бактериальная. Несмотря на все эти сложности, эта планета по-прежнему остается обширно колонизированной благодаря биокуполам и подземным установкам, которые добывают и перерабатывают чистые драгоценные металлы, не загрязненные какими-либо газами.;One of the three primary selenite colonies, or “Key Worlds”, this planet has no oxygen, and even further – no life, even bacterial, has ever developed here. For all of its complications, this planet still remains highly colonized via biodomes and underground facilities, which mine and process pure precious metals, unaffected by any gasses.
PLACE12DESC;Эта землеподобная терраформированная планета принадлежит богатому высшему классу селенитского общества. Гористые острова южного полюса заняты крепостями Ставки, а северные плоскости в основном отведены под поля для гольфа и личные особняки — в центре всего этого в небо возвышается огромный город небоскребов Ставки, распределяющий ресурсы всей межзвездной экономической машины Протектората.;This earth-like terraformed planet belongs to wealthy upper-class of selenite society. The mountainous southern pole islands are occupied by High Command fortresses, while the northern planes are, mostly, mapped for golf fields and personal mansions – at the center of it all, a great city of skyscrapers emerges into the sky, withdrawing the resources of the entire Protectorate economy across stars.
PLACE13DESC;Действительно странное явление, поселение селенитов среди облаков кислородного газового гиганта. Прикованные к его металлическому ядру, его известняковые фундаменты приютили миллионы людей, которые больше всего на свете желают бегства от Эволюционной войны. Протекторат терпит это до тех пор, пока Сарно продолжает снабжать его военный флот редкими газами, добываемыми в более глубоких слоях планеты.;A strange occurrence indeed, a settlement of selenites among the clouds of an oxygen gas giant. Chained to its metal core, its limestone foundations house millions of people wishing nothing but escape from the Evolutionary War. Protectorate tolerates it, as long as Sarno keeps supplying its war fleet with precious and rare gasses found in deeper layers of the planet.
